id,first_name,gender,age,married,recently_bought
1,Kynthia,Female,59,false,true
2,Calley,Female,17,false,false
3,Therese,Male,60,false,false
4,Ag,Male,21,false,false
5,Chrissy,Male,26,true,false
6,Karel,Female,59,false,false
7,Gustavus,Male,30,true,true
8,Charley,Female,60,false,true
9,Gisella,Female,59,false,false
10,Renee,Female,32,true,true
11,Bren,Male,76,false,false
12,Constantine,Male,34,false,true
13,Adelbert,Female,22,true,false
14,Eunice,Female,27,true,true
15,Em,Female,70,false,false
16,Melitta,Female,57,true,false
17,Milena,Male,45,false,false
18,Simeon,Male,73,true,true
19,Jessamyn,Female,75,true,true
20,Maynord,Male,29,true,true
21,Panchito,Female,78,true,true
22,Imogene,Male,64,true,false
23,Archy,Female,32,false,false
24,Cozmo,Male,41,true,false
25,Fernande,Female,41,true,false
26,Farlee,Male,66,false,true
27,Blakelee,Male,68,false,true
28,Aloysia,Female,20,false,true
29,Maudie,Male,65,false,true
30,Giordano,Male,78,false,true
31,Win,Male,26,false,true
32,Yelena,Female,44,true,false
33,Evey,Female,74,true,false
34,Mischa,Male,65,true,true
35,Ailsun,Male,55,true,false
36,Coop,Female,39,false,false
37,Sofia,Male,68,false,true
38,Cad,Male,41,true,false
39,Catherina,Female,49,true,false
40,Hetty,Female,16,true,false
41,Gabbi,Male,24,false,true
42,Ephrayim,Male,39,false,true
43,Shanta,Male,50,true,false
44,Celinka,Male,49,true,true
45,Fred,Female,44,false,false
46,Bradney,Male,39,false,true
47,Syman,Male,67,true,true
48,Pablo,Male,68,false,true
49,Cleveland,Male,40,false,true
50,Ginger,Male,63,false,false
51,Shirley,Male,63,false,true
52,Effie,Male,41,true,true
53,Ario,Male,74,true,false
54,Galen,Male,72,true,false
55,Jessey,Female,28,true,false
56,Shay,Male,25,false,true
57,Faye,Female,17,true,true
58,Cele,Male,18,true,true
59,Bordie,Male,32,false,true
60,Angelle,Male,45,true,true
61,Hayley,Male,69,false,true
62,Bibbie,Female,63,true,true
63,Casandra,Female,25,false,false
64,Jeffy,Female,33,true,true
65,Rourke,Male,58,false,true
66,Godfree,Male,19,false,true
67,Sebastien,Male,80,true,false
68,Ellis,Male,37,true,false
69,Waylan,Male,79,false,true
70,Leonerd,Female,44,true,false
71,Conny,Female,42,true,true
72,Cosimo,Female,24,false,true
73,Kerianne,Male,71,false,false
74,Aldric,Male,67,false,false
75,Rubin,Male,80,false,false
76,Jerrie,Female,46,false,false
77,Aksel,Male,22,true,true
78,Sandra,Female,25,true,true
79,Taite,Male,26,true,false
80,Estel,Male,38,false,false
81,Olivette,Female,79,true,true
82,Maren,Female,76,true,false
83,Lucilia,Male,54,false,false
84,Tammi,Female,53,false,true
85,Ellsworth,Male,51,true,false
86,Hoebart,Male,26,false,false
87,Janith,Female,22,false,false
88,Melita,Female,59,true,false
89,Christabella,Female,76,true,true
90,Bartolemo,Female,42,false,true
91,Nonie,Female,59,true,true
92,Marieann,Male,16,false,true
93,Sheppard,Male,38,false,true
94,Fernande,Male,54,true,true
95,Odetta,Male,30,false,false
96,Lorine,Female,79,true,true
97,Anton,Male,80,false,true
98,Breena,Male,52,true,true
99,Charlena,Male,51,false,false
100,Eddie,Female,52,true,false
101,Rudolf,Male,61,false,true
102,Dacey,Female,69,false,false
103,Rosie,Female,30,true,false
104,Uriel,Male,71,true,false
105,Cart,Male,61,false,false
106,Laurel,Female,52,false,true
107,Zorina,Male,62,false,false
108,Audrie,Female,74,false,true
109,Clark,Male,50,false,true
110,Silvan,Male,56,false,true
111,Denys,Male,58,false,false
112,Randal,Female,62,false,false
113,Nolan,Male,73,true,true
114,Isabelita,Female,35,true,true
115,Anton,Female,66,true,false
116,Carleton,Female,31,false,false
117,Kippar,Female,61,true,false
118,Karlotte,Male,74,false,true
119,Sandi,Male,16,false,false
120,Ulrica,Male,47,true,true
121,Oralle,Male,56,true,false
122,Torrance,Female,24,true,false
123,Melisenda,Male,73,false,true
124,Giuseppe,Male,33,true,true
125,Alistair,Male,18,true,true
126,Vanny,Male,46,false,false
127,Isa,Male,70,false,false
128,Tina,Female,18,true,true
129,Tiffie,Female,70,false,false
130,Sigfried,Male,35,false,true
131,Levi,Female,17,false,true
132,Sonja,Female,43,false,true
133,Elyn,Female,19,false,true
134,Wally,Male,45,false,false
135,Abrahan,Female,44,true,false
136,Alessandra,Female,52,false,true
137,Derry,Male,59,false,true
138,Carree,Male,42,false,false
139,Lissi,Female,42,true,true
140,Felike,Female,32,true,true
141,Coraline,Male,62,true,true
142,Noam,Male,26,true,true
143,Norah,Male,33,false,true
144,Flinn,Male,37,false,true
145,Devonne,Female,43,false,false
146,Claudina,Female,36,true,true
147,Donnajean,Male,77,true,false
148,Layton,Male,42,false,true
149,Josefa,Female,17,true,false
150,Zorine,Male,23,false,false
151,Mortimer,Female,48,false,false
152,Claudette,Male,63,false,true
153,Shae,Male,67,false,true
154,Trista,Male,71,false,true
155,Kinnie,Male,73,true,true
156,Christie,Female,70,true,false
157,Ingrim,Female,43,true,false
158,Hedi,Female,56,true,true
159,Hadley,Female,47,true,true
160,Terra,Female,15,false,true
161,Juan,Male,16,false,false
162,Jami,Female,36,false,true
163,Avril,Female,58,false,true
164,Essy,Female,36,true,true
165,Lewiss,Male,63,false,false
166,Nevins,Male,37,false,true
167,Bernard,Female,22,false,false
168,Ambrosio,Male,74,true,false
169,Celine,Male,47,true,false
170,Dewey,Male,33,true,false
171,Welby,Female,55,true,true
172,Lorita,Female,16,true,true
173,Evie,Female,48,false,true
174,Catlaina,Female,45,false,true
175,Any,Male,70,false,false
176,Ryann,Female,31,false,false
177,Sergent,Male,21,false,true
178,Lorette,Female,46,true,false
179,Averil,Male,27,false,true
180,Terencio,Male,41,false,false
181,Brandie,Male,33,true,false
182,Morris,Female,22,false,false
183,Korie,Female,50,false,false
184,Alan,Female,27,true,false
185,Olga,Female,66,false,true
186,Hermia,Female,47,true,false
187,Mariann,Female,44,true,false
188,Nikos,Male,52,true,false
189,Kenon,Male,42,false,true
190,Katya,Female,61,false,true
191,Arlie,Male,68,false,true
192,Paige,Female,36,false,false
193,Dyanne,Male,66,true,true
194,Cirstoforo,Female,61,false,false
195,Layney,Female,17,true,true
196,Amerigo,Male,69,false,true
197,Kellia,Male,61,true,true
198,Eddy,Male,79,true,true
199,Markus,Male,39,true,false
200,Chauncey,Female,58,true,false
201,Tawnya,Male,70,true,true
202,Cherish,Female,52,false,false
203,Terence,Male,58,false,true
204,Ron,Male,77,false,true
205,Lanette,Female,42,true,true
206,Thia,Male,46,false,false
207,Vincenty,Female,46,false,true
208,Dov,Male,80,true,false
209,Inga,Female,17,true,false
210,Dian,Male,37,false,false
211,Barn,Male,79,true,true
212,Prue,Female,21,true,true
213,Flemming,Male,80,true,false
214,Giuseppe,Male,71,true,true
215,Maire,Male,65,true,true
216,Rochette,Male,68,false,false
217,Stanislaw,Female,35,true,false
218,Natalee,Female,47,false,false
219,Benjie,Female,44,false,false
220,Maximilian,Female,70,true,true
221,Angus,Male,40,false,false
222,Giulia,Female,44,true,false
223,Gaylene,Female,22,false,true
224,Beale,Male,23,false,true
225,Hernando,Female,15,true,false
226,Gaby,Male,66,true,false
227,Brook,Male,52,false,true
228,Sunny,Female,77,false,false
229,Adham,Male,42,true,false
230,Berkeley,Female,78,false,true
231,Jinny,Male,56,true,false
232,Fidela,Female,35,false,false
233,Gerard,Female,43,false,false
234,Helsa,Male,78,false,false
235,Katinka,Female,23,false,true
236,Poppy,Male,43,true,true
237,Blinni,Female,36,false,true
238,Creigh,Female,55,true,true
239,Georgy,Female,74,true,true
240,Bondon,Male,67,false,false
241,Xylina,Female,26,true,false
242,Sarette,Female,20,true,true
243,Gothart,Male,53,true,false
244,Rosalia,Female,25,false,false
245,Melisa,Male,74,false,true
246,Shell,Male,72,true,false
247,Noach,Female,41,false,false
248,Sadye,Female,62,false,true
249,Janeczka,Female,78,true,true
250,Amble,Male,32,true,false
251,Mollie,Female,70,true,false
252,Sinclair,Male,70,true,false
253,Kendricks,Female,73,false,false
254,Charis,Female,52,true,false
255,Shawnee,Female,38,true,true
256,Gregor,Female,70,true,false
257,Rikki,Female,49,false,false
258,Annalee,Male,51,false,true
259,Denyse,Male,41,false,true
260,Eadith,Female,24,false,false
261,Frederich,Male,53,false,true
262,Harriette,Female,47,false,true
263,Maxine,Male,67,false,false
264,Cullin,Male,64,false,true
265,Emelina,Female,25,true,true
266,Cassandry,Male,57,false,false
267,Jacquelin,Female,27,true,true
268,Benedicta,Male,41,false,true
269,Lyndy,Female,63,false,true
270,Vlad,Male,61,true,false
271,Lotti,Female,15,true,false
272,Dolley,Male,43,true,false
273,Debbi,Male,23,true,false
274,Ange,Female,45,true,false
275,Cosetta,Male,59,false,true
276,Cortney,Male,35,true,true
277,Rasla,Female,66,false,true
278,Tori,Female,56,false,false
279,Henderson,Female,42,true,true
280,Carry,Male,74,true,false
281,Bethena,Female,61,false,true
282,Rita,Female,17,false,true
283,Delila,Male,21,true,false
284,Lianne,Male,48,true,false
285,Dirk,Female,75,true,true
286,Edith,Male,37,true,false
287,Chilton,Female,64,true,true
288,Rube,Male,67,false,true
289,Barclay,Female,35,false,false
290,Gilli,Male,16,false,true
291,Thorny,Female,37,true,true
292,Iseabal,Female,23,false,true
293,Agretha,Female,45,true,true
294,Yvette,Female,62,false,true
295,Paula,Male,50,false,false
296,Violette,Male,20,true,true
297,Adda,Male,52,true,true
298,Fulvia,Male,36,true,false
299,Jami,Male,41,true,false
300,Blancha,Male,38,false,false
301,Dorita,Male,52,false,true
302,Aharon,Male,72,false,true
303,Don,Male,37,true,false
304,Welch,Female,39,false,false
305,Sigvard,Female,52,false,true
306,Gustavus,Female,41,false,true
307,Cecilio,Male,35,true,false
308,Sonnnie,Female,59,true,true
309,Bearnard,Female,49,false,false
310,Manda,Female,60,false,true
311,Annabel,Male,54,true,true
312,Arri,Male,48,true,false
313,Gard,Male,24,true,true
314,Burl,Female,23,true,true
315,Sanderson,Male,30,false,false
316,Lotte,Male,52,false,false
317,Josiah,Female,38,true,true
318,Fulton,Male,28,true,true
319,Bernelle,Female,74,false,true
320,Aimil,Male,51,true,true
321,Blinny,Female,15,false,true
322,Evita,Female,30,true,false
323,Jan,Male,76,true,true
324,Hillier,Male,53,true,true
325,Carena,Male,51,true,false
326,Gabriel,Male,30,true,false
327,Ralph,Female,42,true,false
328,Amie,Male,65,false,false
329,Abigale,Female,70,false,false
330,Saxon,Female,70,true,true
331,Amye,Male,67,true,false
332,Renaud,Male,52,false,true
333,Melvyn,Female,56,true,true
334,Candide,Male,18,false,true
335,Gill,Male,40,false,true
336,Violante,Female,26,true,true
337,Kathlin,Male,78,false,true
338,Idalia,Female,57,true,false
339,Jennifer,Male,15,true,true
340,Zondra,Male,37,false,true
341,Jecho,Female,72,false,true
342,Bourke,Female,47,true,true
343,Ethelin,Female,78,false,false
344,Hagen,Male,42,false,false
345,Sibylle,Male,39,false,false
346,Sharl,Female,59,true,true
347,Adriaens,Male,31,true,false
348,Arnie,Male,22,true,false
349,Rosco,Female,17,true,false
350,Neely,Female,49,true,false
351,Padraig,Female,23,true,false
352,Moira,Male,64,true,true
353,Kayle,Female,43,false,false
354,Jessamine,Female,50,false,true
355,Sheena,Female,66,false,true
356,Nara,Female,57,true,true
357,Brian,Male,38,false,false
358,Carissa,Male,47,true,false
359,Eamon,Female,67,false,true
360,Conant,Female,48,false,false
361,Chrissy,Female,30,false,false
362,Brendin,Male,26,true,true
363,Egon,Male,40,false,false
364,Vito,Female,66,true,true
365,Alexandros,Male,71,false,true
366,Donnie,Female,26,false,false
367,Giff,Male,60,false,true
368,Adrien,Male,65,true,true
369,Bernette,Male,21,true,false
370,Christophe,Male,18,true,true
371,Farlee,Female,48,false,true
372,Gard,Male,48,false,true
373,Dex,Male,27,false,false
374,Dulcine,Female,17,false,false
375,Bogey,Male,71,true,false
376,Reese,Male,75,false,false
377,Guglielma,Female,77,false,true
378,Sheryl,Female,27,false,false
379,D'arcy,Male,41,true,true
380,Romy,Female,36,false,true
381,Mabel,Male,38,false,false
382,Blaine,Male,58,false,true
383,Deb,Female,75,false,true
384,Jessamine,Male,23,false,false
385,Tyler,Female,73,true,true
386,Glendon,Male,56,true,false
387,Gaven,Female,63,false,false
388,Rori,Male,50,true,false
389,Joshua,Female,28,false,true
390,Rosina,Female,18,true,true
391,Rip,Male,15,true,true
392,Manon,Female,53,false,true
393,Hephzibah,Female,49,false,true
394,Marley,Male,39,true,false
395,Hildy,Male,42,true,false
396,Martynne,Male,73,true,true
397,Dewitt,Male,73,true,true
398,Adela,Female,61,false,false
399,Worth,Male,22,true,false
400,Zachary,Female,76,false,true
401,Powell,Female,19,false,true
402,Octavius,Male,63,true,true
403,Agna,Male,48,true,true
404,Nicky,Female,29,false,true
405,Ramonda,Male,75,true,true
406,Chloe,Female,31,true,true
407,Dallas,Male,55,true,true
408,Fayre,Female,78,true,false
409,Mil,Male,58,true,false
410,Earlie,Male,62,true,true
411,Jo,Female,36,false,true
412,Lesli,Male,44,true,true
413,Esra,Female,52,true,true
414,Cloris,Female,18,false,false
415,Sholom,Male,74,false,false
416,Elysha,Male,67,true,true
417,Ward,Male,42,true,false
418,Gunner,Female,61,false,false
419,Evered,Female,39,true,false
420,Nola,Female,24,true,true
421,Erek,Male,29,true,true
422,Sheilah,Male,20,false,true
423,Paige,Male,58,false,false
424,Morey,Female,54,true,true
425,Ingmar,Male,72,true,false
426,Rodrigo,Female,34,true,true
427,Broddie,Male,55,true,true
428,Rebekkah,Female,29,true,false
429,Consalve,Female,48,true,false
430,Betti,Female,43,false,false
431,Ediva,Male,73,true,false
432,Sampson,Male,42,true,false
433,Lorri,Female,21,true,false
434,Wandie,Female,56,true,true
435,Federico,Male,36,true,false
436,Alleyn,Female,39,false,false
437,Huntley,Female,59,false,true
438,Loydie,Male,22,true,true
439,Hamil,Female,27,false,true
440,Hunt,Female,57,false,true
441,Zachariah,Male,68,false,false
442,Pierrette,Male,52,false,false
443,Brock,Male,35,false,false
444,Libbi,Male,62,true,true
445,Bord,Female,44,false,false
446,Charlton,Male,59,true,true
447,Joshua,Female,65,false,false
448,Ariana,Female,35,true,false
449,Sondra,Female,76,false,true
450,Olwen,Female,40,true,true
451,Hillel,Female,73,false,true
452,Avery,Female,23,true,true
453,Alicea,Female,56,true,false
454,Starlene,Male,39,false,true
455,Tiffy,Female,74,true,true
456,Benn,Male,68,true,false
457,Benni,Female,76,false,false
458,Rayshell,Female,58,true,false
459,Elnora,Female,76,true,false
460,Wallie,Male,52,true,false
461,Farr,Female,45,false,true
462,Gun,Female,44,true,true
463,Francis,Female,76,true,true
464,Mandy,Male,40,true,false
465,Hastie,Male,61,true,true
466,Carree,Female,23,false,true
467,Marianna,Female,33,false,false
468,Karlan,Male,80,true,true
469,Morten,Female,60,true,false
470,Joann,Female,47,false,false
471,Nita,Male,74,true,true
472,Merci,Male,40,true,false
473,Kristen,Female,63,false,false
474,Gretta,Male,76,true,false
475,Van,Female,35,true,true
476,Eziechiele,Male,33,true,false
477,Kimberley,Female,56,true,false
478,Forrester,Male,61,true,true
479,Egor,Female,55,false,false
480,Melany,Male,68,false,true
481,Neile,Female,48,false,false
482,Dud,Female,46,false,true
483,Stefanie,Female,35,true,false
484,Bartholomeo,Female,26,true,true
485,Maryanna,Male,65,false,false
486,Quinta,Female,38,false,false
487,Georgie,Female,48,false,false
488,Broderic,Female,73,true,false
489,Jenifer,Male,68,false,false
490,Morris,Female,55,false,true
491,Curr,Male,50,false,false
492,Koralle,Female,35,true,true
493,Zelig,Male,66,true,false
494,Moise,Male,64,false,false
495,Ceciley,Female,32,true,true
496,Roch,Male,39,false,true
497,Aurilia,Male,29,false,false
498,Jeanne,Male,51,true,false
499,Daffi,Male,23,false,true
500,Jacquelyn,Male,65,true,true
501,Candide,Male,58,false,false
502,Roxanne,Male,20,true,false
503,Lyell,Male,33,false,false
504,Dick,Female,26,false,true
505,Levon,Male,25,true,false
506,Ellette,Female,48,true,false
507,Reeta,Female,72,false,false
508,Torey,Male,59,false,true
509,Broderick,Male,16,true,true
510,Fidelia,Male,46,true,true
511,Brien,Male,52,true,true
512,Waiter,Male,20,false,false
513,Marcelo,Female,65,true,true
514,Norine,Male,64,true,true
515,Brita,Male,60,false,false
516,Selena,Female,39,false,true
517,Beryl,Male,48,true,true
518,Ewan,Female,35,false,true
519,Donella,Female,61,true,true
520,Dyane,Male,34,false,true
521,Kayla,Male,76,false,false
522,Brandise,Female,50,false,true
523,Nappie,Female,23,true,true
524,Jess,Female,22,false,false
525,Karyl,Female,16,true,false
526,Allin,Female,24,true,true
527,Agna,Male,55,false,true
528,Aile,Female,28,false,true
529,Chryste,Female,44,true,true
530,Louis,Male,55,false,true
531,Dierdre,Male,38,false,true
532,Allard,Male,20,true,true
533,Elnora,Male,21,true,false
534,Gabrila,Female,15,true,false
535,Melantha,Female,70,true,false
536,Lenard,Female,60,true,true
537,Prescott,Male,52,true,false
538,Russ,Female,60,false,false
539,Boniface,Male,54,true,false
540,Pearle,Female,72,true,true
541,Delcina,Male,72,true,false
542,Jude,Male,80,true,false
543,Mona,Female,73,true,false
544,Florence,Male,37,true,true
545,Claudianus,Male,47,false,false
546,Tony,Female,58,true,true
547,Morgen,Male,51,false,true
548,Sigfrid,Female,66,false,true
549,Sawyer,Male,18,false,true
550,Flynn,Male,15,true,false
551,Laurene,Female,27,true,false
552,Mareah,Male,20,false,true
553,Cynthy,Male,68,false,true
554,Rania,Male,19,false,false
555,Mord,Female,33,false,false
556,Guillermo,Female,22,true,false
557,Glyn,Male,21,true,false
558,Mady,Female,33,true,false
559,Wolf,Male,26,false,true
560,Xavier,Male,22,true,false
561,Peirce,Female,57,true,false
562,Neilla,Female,24,true,true
563,Annemarie,Female,56,false,true
564,Rowena,Male,28,true,false
565,Dita,Female,18,true,false
566,Demetris,Male,67,true,false
567,Noella,Male,29,false,false
568,Adelaide,Female,42,true,false
569,Yelena,Female,70,false,true
570,Fern,Female,68,true,false
571,Whittaker,Female,68,true,false
572,Carney,Female,30,false,false
573,Allen,Male,37,true,false
574,Johna,Male,48,true,true
575,Blair,Male,63,false,true
576,Weider,Male,74,false,true
577,Wendy,Female,37,true,true
578,Barbabra,Male,57,false,true
579,Derk,Male,77,true,false
580,Oriana,Female,38,false,false
581,Davin,Male,48,true,false
582,Randy,Female,23,true,true
583,Darnell,Female,31,true,false
584,Salomon,Male,49,true,false
585,Brendan,Male,79,true,true
586,Zeb,Female,59,false,true
587,Moria,Male,58,true,false
588,Doe,Female,75,true,false
589,Law,Female,37,false,false
590,Leigh,Male,80,true,true
591,Lisle,Female,51,true,false
592,Lazarus,Male,72,false,false
593,Jeffie,Female,61,true,false
594,Saba,Female,66,false,true
595,Claire,Female,35,true,false
596,Scotti,Female,72,false,true
597,Toni,Female,28,true,true
598,Bendite,Male,27,true,true
599,Jorie,Male,72,true,true
600,Stefa,Female,45,false,true
601,Luther,Male,25,true,true
602,Constanta,Female,40,true,true
603,Wyn,Female,26,false,true
604,Lonee,Male,34,false,false
605,Catherin,Male,56,true,true
606,Phaedra,Male,22,true,false
607,Catharina,Male,17,false,false
608,Wald,Female,50,true,false
609,Sherwood,Male,20,true,true
610,Jacklyn,Female,16,false,false
611,Berri,Female,15,false,false
612,Thacher,Male,44,false,true
613,Auguste,Female,50,true,false
614,Baillie,Male,37,false,false
615,Koressa,Female,18,true,true
616,Kalil,Female,22,true,false
617,Farleigh,Female,68,true,true
618,Allianora,Male,72,true,false
619,Stavro,Male,69,true,true
620,Wells,Female,28,true,true
621,Susanna,Male,58,true,true
622,Sargent,Male,80,true,true
623,Valery,Male,40,true,true
624,Findley,Male,73,false,true
625,Towney,Male,31,true,true
626,Antonetta,Female,71,false,true
627,Arlen,Female,79,false,true
628,Davide,Female,26,true,true
629,Janek,Male,41,true,false
630,Judith,Male,69,false,true
631,Cosme,Male,46,true,true
632,Matthiew,Female,61,true,true
633,Alasteir,Male,45,true,true
634,Thaddeus,Male,17,true,true
635,Ofelia,Female,32,false,true
636,Alethea,Male,26,false,true
637,Emlyn,Female,74,false,false
638,Ferdinanda,Male,29,false,false
639,Beauregard,Male,18,true,false
640,Neville,Female,18,false,false
641,Loralee,Female,55,true,true
642,Drucie,Female,75,false,false
643,Base,Male,58,false,false
644,Ira,Female,63,false,true
645,Bronnie,Female,22,true,true
646,Brianne,Female,18,true,false
647,Randy,Female,39,false,false
648,Shurlocke,Female,77,true,false
649,Karmen,Male,24,false,false
650,Caril,Female,19,false,false
651,Brett,Female,37,true,false
652,Nicolina,Female,77,false,false
653,Lissy,Male,21,true,false
654,Jonah,Female,61,false,true
655,Taryn,Female,53,false,true
656,Emmy,Female,66,false,false
657,Lorraine,Male,50,false,false
658,Jolee,Female,80,true,true
659,Carleton,Female,71,true,false
660,Lavena,Male,62,false,true
661,Maury,Female,73,false,false
662,Louisa,Male,38,true,true
663,Irene,Male,43,true,true
664,Colette,Female,34,false,false
665,Karla,Female,32,false,true
666,Robyn,Female,21,false,true
667,Tab,Male,73,true,true
668,Sherwood,Female,39,true,false
669,Horatia,Female,31,false,false
670,Davie,Female,61,true,false
671,Kin,Female,37,false,true
672,Jemima,Female,69,true,false
673,Lynea,Female,61,false,true
674,Ronny,Female,75,true,true
675,Tod,Male,27,true,false
676,Gaye,Female,21,true,true
677,Esmeralda,Female,44,false,true
678,Kalila,Female,65,true,false
679,Patty,Female,72,false,false
680,Cherrita,Male,19,true,false
681,Marilin,Male,77,true,false
682,Berry,Male,20,true,false
683,Gregorius,Female,50,false,true
684,Petronille,Female,76,true,false
685,Kayle,Female,51,false,true
686,Horace,Female,16,false,true
687,Maiga,Female,18,false,true
688,Ketti,Male,55,true,false
689,Hulda,Female,30,false,false
690,Nathaniel,Male,50,false,true
691,Clary,Male,34,false,false
692,Bank,Female,58,false,true
693,Crosby,Female,73,true,false
694,Chico,Female,72,false,true
695,Tedmund,Male,35,true,true
696,Filberte,Male,74,true,true
697,Prue,Male,53,false,true
698,Hakeem,Male,78,true,true
699,Slade,Male,35,true,true
700,Erena,Female,31,false,false
701,Joyce,Female,38,false,true
702,Eddie,Male,77,false,true
703,Blake,Female,56,false,true
704,Turner,Female,73,false,true
705,Gerardo,Female,73,true,true
706,Effie,Female,16,true,true
707,Hali,Male,27,false,false
708,Berty,Female,69,true,true
709,Imogen,Female,54,false,false
710,Anatole,Female,61,true,true
711,Randene,Female,26,false,false
712,Kristian,Female,44,true,true
713,Pam,Female,16,true,true
714,Ulrikaumeko,Male,53,true,false
715,Lindon,Female,58,true,true
716,Mirelle,Male,17,false,false
717,Hildegarde,Female,63,true,false
718,Konstantin,Male,29,true,true
719,Alick,Male,50,true,true
720,Karlyn,Female,34,true,false
721,Dyann,Male,19,false,false
722,Arley,Female,60,false,false
723,Alley,Female,62,false,false
724,Brittney,Female,16,true,true
725,Dulcinea,Female,58,false,true
726,Jacynth,Female,53,false,false
727,Diane,Male,22,false,true
728,Shalna,Male,32,true,true
729,Harrietta,Female,68,false,true
730,Arley,Male,75,true,true
731,Huberto,Male,75,true,true
732,Eloisa,Male,61,true,false
733,Gerda,Female,55,true,false
734,Aveline,Female,64,true,true
735,Maxine,Male,16,true,false
736,Alisha,Male,21,false,false
737,Booth,Male,49,true,false
738,Harbert,Female,54,false,false
739,Sophia,Male,58,false,false
740,Winfred,Male,62,true,true
741,Jarvis,Male,58,false,true
742,Leela,Male,42,false,false
743,Cortney,Male,72,true,true
744,Annnora,Female,32,false,false
745,Andria,Male,74,false,true
746,Sheelah,Male,28,false,true
747,Janeta,Female,36,true,true
748,Hannie,Female,29,true,false
749,Quentin,Male,23,false,false
750,Thekla,Female,37,false,false
751,Linc,Male,20,false,false
752,Whitaker,Male,74,false,true
753,Maria,Male,34,true,false
754,Maye,Male,70,true,false
755,Bertina,Female,21,true,false
756,Ezri,Female,32,true,true
757,Xever,Male,73,true,false
758,Lucretia,Male,54,true,true
759,Georgianna,Male,32,true,true
760,Evelyn,Female,72,true,false
761,Taber,Female,30,true,true
762,Doy,Female,80,false,false
763,Dick,Male,39,false,true
764,Fonzie,Male,75,true,true
765,Heddi,Female,29,false,true
766,Rani,Male,38,false,false
767,Maighdiln,Female,64,true,false
768,Rosalinde,Female,51,true,false
769,Ketty,Female,39,true,false
770,Amabelle,Female,59,true,true
771,Gav,Female,54,false,false
772,Josh,Male,58,true,true
773,Nara,Female,21,false,true
774,Aurel,Female,55,false,false
775,Curtice,Female,27,false,true
776,Madeleine,Female,17,false,true
777,Roscoe,Female,62,false,true
778,Joey,Male,55,false,true
779,Thomas,Male,68,true,false
780,Ethel,Female,47,false,true
781,Camilla,Male,28,false,false
782,Jane,Female,21,true,true
783,Emmi,Female,39,true,true
784,Stephana,Male,33,true,true
785,Stevy,Female,32,false,true
786,Cullie,Female,22,true,true
787,Caye,Female,27,true,true
788,Ruy,Male,33,true,true
789,Prissie,Male,35,false,false
790,Robbie,Male,27,true,true
791,Kennie,Female,30,true,true
792,Adelina,Male,48,true,false
793,Gelya,Female,29,false,false
794,Filberte,Female,30,true,false
795,Adel,Female,51,false,false
796,Shay,Female,59,true,true
797,Cobbie,Female,52,false,false
798,Maire,Female,22,true,true
799,Linn,Male,50,false,true
800,Lauraine,Female,44,true,false
801,Malinda,Male,42,true,false
802,Eada,Female,48,false,false
803,Doreen,Female,75,false,true
804,Jolene,Female,58,true,false
805,Lane,Male,23,false,false
806,Duane,Female,69,true,true
807,Teodorico,Female,45,true,true
808,Purcell,Female,24,true,true
809,Friederike,Male,56,true,true
810,Harriett,Male,62,false,false
811,Vivyanne,Male,77,true,true
812,Vitoria,Male,73,false,true
813,Shalne,Female,80,false,true
814,Mack,Female,78,true,false
815,Ree,Male,69,false,true
816,Merrile,Female,72,false,false
817,Cally,Female,62,false,true
818,Emlynne,Male,58,false,false
819,Leticia,Male,63,false,true
820,Tilly,Female,15,true,false
821,Ferdinande,Male,51,true,true
822,Innis,Male,28,true,false
823,Kayne,Female,66,false,true
824,Damon,Female,41,false,true
825,Sibeal,Female,44,true,false
826,Rayshell,Male,75,true,false
827,Micheal,Male,32,true,true
828,Gisela,Female,78,true,false
829,Zoe,Female,37,true,true
830,Rafaello,Female,17,false,false
831,Janeczka,Female,69,false,true
832,Roley,Female,20,true,true
833,Timotheus,Female,19,false,false
834,Morse,Male,51,false,true
835,Linn,Male,39,false,false
836,Alvin,Female,55,true,true
837,Bobette,Male,45,false,true
838,Leola,Male,45,false,false
839,Vickie,Male,44,true,false
840,Gigi,Male,36,true,true
841,Xaviera,Male,63,false,false
842,Bambi,Male,47,true,true
843,Salvidor,Male,63,false,false
844,Wendi,Male,33,true,true
845,Portie,Female,68,false,true
846,Lottie,Male,36,false,true
847,Malina,Male,62,true,true
848,Matilde,Male,29,false,true
849,Frants,Female,39,true,false
850,Ardisj,Male,21,true,true
851,Adelle,Male,34,true,true
852,Livy,Female,47,false,false
853,Nerty,Female,48,false,false
854,Patten,Male,31,false,true
855,Neill,Male,45,true,true
856,Val,Male,23,true,false
857,Thaddus,Male,39,false,true
858,Nicol,Female,68,false,true
859,Monika,Female,79,true,false
860,Rafael,Male,49,true,false
861,Amber,Male,68,false,true
862,Arlen,Male,55,true,false
863,Paulie,Female,45,false,false
864,Etheline,Male,53,true,true
865,Clerkclaude,Female,35,false,false
866,Richmond,Female,29,true,true
867,Tess,Female,44,false,false
868,Hayward,Male,56,false,false
869,Ross,Female,45,false,false
870,Rob,Male,62,false,true
871,Sayer,Male,21,false,true
872,Hector,Male,43,false,false
873,Rosabelle,Male,32,false,true
874,Juliana,Male,36,true,false
875,Hermia,Male,49,false,false
876,Atlante,Male,53,false,true
877,Reynard,Female,53,false,true
878,Dalila,Male,25,false,false
879,Joellen,Female,72,true,true
880,Lauren,Male,24,true,true
881,Traver,Male,75,true,true
882,Grete,Male,21,false,true
883,Carla,Female,16,true,false
884,Doralynn,Female,24,false,true
885,Garrik,Female,59,false,true
886,Dulci,Female,56,true,true
887,Catherin,Female,77,false,false
888,Willy,Male,19,false,false
889,Conrad,Male,25,true,true
890,Carmel,Female,31,false,true
891,Leila,Male,43,false,false
892,Marvin,Female,77,true,true
893,Grazia,Male,21,false,true
894,Phillis,Female,70,false,true
895,Rip,Female,71,true,true
896,Trish,Female,37,false,false
897,Hobart,Female,53,true,false
898,Joe,Female,79,false,false
899,Dannel,Male,50,false,true
900,Ralf,Male,71,false,false
901,Leanor,Male,25,true,true
902,Reine,Male,52,true,false
903,Francisca,Male,77,false,true
904,Katrine,Female,21,false,true
905,Nanny,Female,25,false,false
906,Annabal,Female,15,true,false
907,Teriann,Male,25,false,false
908,Nancie,Female,65,true,true
909,Sander,Male,77,true,true
910,Cad,Male,44,false,false
911,Derward,Female,67,false,true
912,Marybeth,Female,18,false,true
913,Nicolais,Male,32,false,true
914,Grace,Male,78,true,false
915,Robbin,Male,55,false,false
916,Ainslee,Female,31,true,true
917,Roarke,Male,61,true,false
918,Nolana,Female,56,false,true
919,Alejandrina,Male,29,true,true
920,Bess,Male,65,true,false
921,Cecilio,Male,56,true,true
922,Zorine,Male,37,false,false
923,Jessamyn,Female,58,false,false
924,Glennie,Female,25,true,false
925,Nicholle,Male,48,false,false
926,Nettie,Male,20,true,false
927,Halimeda,Female,33,true,false
928,Robin,Male,33,false,true
929,Myron,Female,21,false,false
930,Anny,Female,42,true,true
931,Lindsay,Female,58,false,true
932,Gerri,Female,66,true,false
933,Dotti,Male,49,true,false
934,Galina,Female,20,true,true
935,Elisha,Male,42,false,false
936,Brier,Male,79,false,true
937,Madelina,Male,77,true,true
938,Wenda,Male,60,true,false
939,Noak,Male,40,false,false
940,Daffi,Male,52,false,true
941,Norrie,Male,51,true,false
942,Adriena,Female,45,true,false
943,Murielle,Male,74,true,true
944,Bianka,Female,50,true,true
945,Jerrie,Male,45,false,true
946,Rube,Female,68,true,false
947,John,Female,22,true,false
948,Reggie,Male,19,true,false
949,Darice,Male,76,false,true
950,Ambrose,Female,63,false,false
951,Sheffie,Male,43,false,false
952,Arlana,Female,53,false,false
953,Gabey,Male,28,true,false
954,Haven,Female,36,true,false
955,Fran,Male,74,true,true
956,Cymbre,Female,33,true,false
957,Thor,Male,25,false,true
958,Natividad,Male,43,false,true
959,Siusan,Male,15,false,false
960,Selinda,Female,47,true,false
961,Hannie,Female,53,false,false
962,Lauryn,Male,29,true,false
963,Jedidiah,Female,44,true,true
964,Fransisco,Male,27,true,false
965,Palm,Male,44,false,false
966,Marie-ann,Female,45,false,false
967,George,Female,22,true,true
968,Paige,Female,37,false,false
969,Hodge,Male,48,true,true
970,Sianna,Male,33,false,true
971,Augustus,Female,33,false,true
972,Blisse,Male,29,true,true
973,Joannes,Female,20,true,true
974,Maressa,Male,59,true,true
975,Fanny,Male,45,true,true
976,Web,Male,72,false,true
977,Felizio,Male,38,true,true
978,Jeno,Female,15,false,true
979,Pamella,Female,19,true,true
980,Bernete,Female,66,false,true
981,Florina,Female,23,false,false
982,Horten,Male,41,true,true
983,Kennett,Male,65,false,false
984,Dulcea,Male,53,false,true
985,Alexandr,Male,28,false,false
986,Collette,Female,20,true,false
987,Reagen,Male,30,false,true
988,Courtenay,Female,59,true,true
989,Shanan,Female,43,true,true
990,Rakel,Female,23,true,true
991,Asia,Female,73,false,true
992,Gabrila,Male,45,false,false
993,Wynnie,Male,15,false,true
994,Theodosia,Female,18,true,false
995,Dita,Female,79,false,false
996,Kermy,Female,78,false,false
997,Shem,Male,70,false,false
998,Jerad,Male,61,false,true
999,Pierce,Female,22,false,false
1000,Austin,Male,54,true,true
